Date;Time;Precip
11/28/2017;11:59:00 PM;0.000
11/29/2017;11:59:00 PM;0.000
11/30/2017;11:59:00 PM;0.008
12/1/2017;11:59:00 PM;0.000
12/2/2017;11:59:00 PM;0.000
12/3/2017;11:59:00 PM;0.008
12/4/2017;11:59:00 PM;0.000
12/5/2017;11:59:00 PM;0.000
12/6/2017;11:59:00 PM;0.000
12/7/2017;11:59:00 PM;0.000
12/8/2017;11:59:00 PM;0.000
12/9/2017;11:59:00 PM;0.000
12/10/2017;11:59:00 PM;0.000
12/11/2017;11:59:00 PM;0.000
12/12/2017;11:59:00 PM;0.000
12/13/2017;11:59:00 PM;0.000
12/14/2017;11:59:00 PM;0.000
12/15/2017;11:59:00 PM;0.000
12/16/2017;11:59:00 PM;0.000
12/17/2017;11:59:00 PM;0.000
12/18/2017;11:59:00 PM;0.031
12/19/2017;11:59:00 PM;0.039
12/20/2017;11:59:00 PM;0.000
12/21/2017;11:59:00 PM;0.000
12/22/2017;11:59:00 PM;0.000
12/23/2017;11:59:00 PM;0.000
12/24/2017;11:59:00 PM;0.000
12/25/2017;11:59:00 PM;0.000
12/26/2017;11:59:00 PM;0.000
12/27/2017;11:59:00 PM;0.000
12/28/2017;11:59:00 PM;0.000
12/29/2017;11:59:00 PM;0.000
12/30/2017;11:59:00 PM;0.000
12/31/2017;11:59:00 PM;0.000
1/1/2018;11:59:00 PM;0.000
1/2/2018;11:59:00 PM;0.000
1/3/2018;11:59:00 PM;0.094
1/4/2018;11:59:00 PM;0.110
1/5/2018;11:59:00 PM;0.276
1/6/2018;11:59:00 PM;0.000
1/7/2018;11:59:00 PM;0.000
1/8/2018;11:59:00 PM;2.307
1/9/2018;11:59:00 PM;0.176
1/10/2018;11:59:00 PM;0.000
1/11/2018;11:59:00 PM;0.000
1/12/2018;11:59:00 PM;0.000
1/13/2018;11:59:00 PM;0.000
1/14/2018;11:59:00 PM;0.000
1/15/2018;11:59:00 PM;0.181
1/16/2018;11:59:00 PM;0.145
1/17/2018;11:59:00 PM;0.000
1/18/2018;11:59:00 PM;0.378
1/19/2018;11:59:00 PM;0.063
1/20/2018;11:59:00 PM;0.000
1/21/2018;11:59:00 PM;0.685
1/22/2018;11:59:00 PM;0.040
1/23/2018;11:59:00 PM;0.000
1/24/2018;11:59:00 PM;0.709
1/25/2018;11:59:00 PM;0.449
1/26/2018;11:59:00 PM;0.000
1/27/2018;11:59:00 PM;0.000
1/28/2018;11:59:00 PM;0.000
1/29/2018;11:59:00 PM;0.000
1/30/2018;11:59:00 PM;0.000
1/31/2018;11:59:00 PM;0.000
2/1/2018;11:59:00 PM;0.000
2/2/2018;11:59:00 PM;0.000
2/3/2018;11:59:00 PM;0.000
2/4/2018;11:59:00 PM;0.000
2/5/2018;11:59:00 PM;0.000
2/6/2018;11:59:00 PM;0.000
2/7/2018;11:59:00 PM;0.000
2/8/2018;11:59:00 PM;0.000
2/9/2018;11:59:00 PM;0.000
2/10/2018;11:59:00 PM;0.000
2/11/2018;11:59:00 PM;0.000
2/12/2018;11:59:00 PM;0.000
2/13/2018;11:59:00 PM;0.000
2/14/2018;11:59:00 PM;0.000
2/15/2018;11:59:00 PM;0.000
2/16/2018;11:59:00 PM;0.000
2/17/2018;11:59:00 PM;0.000
2/18/2018;11:59:00 PM;0.000
2/19/2018;11:59:00 PM;0.000
2/20/2018;11:59:00 PM;0.000
2/21/2018;11:59:00 PM;0.000
2/22/2018;11:59:00 PM;0.000
2/23/2018;11:59:00 PM;0.000
2/24/2018;11:59:00 PM;0.000
2/25/2018;11:59:00 PM;0.000
2/26/2018;11:59:00 PM;0.000
2/27/2018;11:59:00 PM;0.000
2/28/2018;11:59:00 PM;0.000
3/1/2018;11:59:00 PM;0.008
3/2/2018;11:59:00 PM;0.000
3/3/2018;11:59:00 PM;0.000
3/4/2018;11:59:00 PM;0.000
3/5/2018;11:59:00 PM;0.000
3/6/2018;11:59:00 PM;0.000
3/7/2018;11:59:00 PM;0.000
3/8/2018;11:59:00 PM;0.000
3/9/2018;11:59:00 PM;0.000
3/10/2018;11:59:00 PM;0.000
3/11/2018;11:59:00 PM;0.000
3/12/2018;11:59:00 PM;0.000
3/13/2018;11:59:00 PM;0.000
3/14/2018;11:59:00 PM;0.000
3/15/2018;11:59:00 PM;0.000
3/16/2018;11:59:00 PM;0.000
3/17/2018;11:59:00 PM;0.008
3/18/2018;11:59:00 PM;0.000
3/19/2018;11:59:00 PM;0.000
3/20/2018;11:59:00 PM;0.000
3/21/2018;11:59:00 PM;0.772
3/22/2018;11:59:00 PM;0.252
3/23/2018;11:59:00 PM;0.008
3/24/2018;11:59:00 PM;0.000
3/25/2018;11:59:00 PM;0.000
3/26/2018;11:59:00 PM;0.000
3/27/2018;11:59:00 PM;0.000
3/28/2018;11:59:00 PM;0.000
3/29/2018;11:59:00 PM;0.000
3/30/2018;11:59:00 PM;0.000
3/31/2018;11:59:00 PM;0.000
4/1/2018;11:59:00 PM;0.000
4/2/2018;11:59:00 PM;0.000
4/3/2018;11:59:00 PM;0.000
4/4/2018;11:59:00 PM;0.000
4/5/2018;11:59:00 PM;0.000
4/6/2018;11:59:00 PM;1.346
4/7/2018;11:59:00 PM;0.371
4/8/2018;11:59:00 PM;0.000
4/9/2018;11:59:00 PM;0.000
4/10/2018;11:59:00 PM;0.047
4/11/2018;11:59:00 PM;0.000
4/12/2018;11:59:00 PM;0.000
4/13/2018;11:59:00 PM;0.071
4/14/2018;11:59:00 PM;0.000
4/15/2018;11:59:00 PM;0.000
4/16/2018;11:59:00 PM;0.079
4/17/2018;11:59:00 PM;0.142
4/18/2018;11:59:00 PM;0.000
4/19/2018;11:59:00 PM;0.000
4/20/2018;11:59:00 PM;0.000
4/21/2018;11:59:00 PM;0.000
4/22/2018;11:59:00 PM;0.000
4/23/2018;11:59:00 PM;0.000
4/24/2018;11:59:00 PM;0.000
4/25/2018;11:59:00 PM;0.000
4/26/2018;11:59:00 PM;0.000
4/27/2018;11:59:00 PM;0.016
4/28/2018;11:59:00 PM;0.016
4/29/2018;11:59:00 PM;0.000
4/30/2018;11:59:00 PM;0.000
5/1/2018;11:59:00 PM;0.000
5/2/2018;11:59:00 PM;0.000
5/3/2018;11:59:00 PM;0.000
5/4/2018;11:59:00 PM;0.000
5/5/2018;11:59:00 PM;0.000
5/6/2018;11:59:00 PM;0.000
5/7/2018;11:59:00 PM;0.000
5/8/2018;11:59:00 PM;0.000
5/9/2018;11:59:00 PM;0.000
5/10/2018;11:59:00 PM;0.000
5/11/2018;11:59:00 PM;0.000
5/12/2018;11:59:00 PM;0.000
5/13/2018;11:59:00 PM;0.000
5/14/2018;11:59:00 PM;0.000
5/15/2018;11:59:00 PM;0.000
5/16/2018;11:59:00 PM;0.000
5/17/2018;11:59:00 PM;0.000
5/18/2018;11:59:00 PM;0.000
5/19/2018;11:59:00 PM;0.000
5/20/2018;11:59:00 PM;0.000
5/21/2018;11:59:00 PM;0.000
5/22/2018;11:59:00 PM;0.000
5/23/2018;11:59:00 PM;0.000
5/24/2018;11:59:00 PM;0.000
5/25/2018;11:59:00 PM;0.055
5/26/2018;11:59:00 PM;0.016
5/27/2018;11:59:00 PM;0.000
5/28/2018;11:59:00 PM;0.000
5/29/2018;11:59:00 PM;0.000
5/30/2018;11:59:00 PM;0.000
5/31/2018;11:59:00 PM;0.000
6/1/2018;11:59:00 PM;0.000
6/2/2018;11:59:00 PM;0.000
6/3/2018;11:59:00 PM;0.000
6/4/2018;11:59:00 PM;0.000
6/5/2018;11:59:00 PM;0.000
6/6/2018;11:59:00 PM;0.000
6/7/2018;11:59:00 PM;0.000
6/8/2018;11:59:00 PM;0.000
6/9/2018;11:59:00 PM;0.000
6/10/2018;11:59:00 PM;0.000
6/11/2018;11:59:00 PM;0.000
6/12/2018;11:59:00 PM;0.000
6/13/2018;11:59:00 PM;0.000
6/14/2018;11:59:00 PM;0.000
6/15/2018;11:59:00 PM;0.000
6/16/2018;11:59:00 PM;0.000
6/17/2018;11:59:00 PM;0.000
6/18/2018;11:59:00 PM;0.000
6/19/2018;11:59:00 PM;0.000
6/20/2018;11:59:00 PM;0.000
6/21/2018;11:59:00 PM;0.000
6/22/2018;11:59:00 PM;0.000
6/23/2018;11:59:00 PM;0.000
6/24/2018;11:59:00 PM;0.000
6/25/2018;11:59:00 PM;0.000
6/26/2018;11:59:00 PM;0.000
6/27/2018;11:59:00 PM;0.000
6/28/2018;11:59:00 PM;0.000
6/29/2018;11:59:00 PM;0.000
6/30/2018;11:59:00 PM;0.000
7/1/2018;11:59:00 PM;0.000
7/2/2018;11:59:00 PM;0.000
7/3/2018;11:59:00 PM;0.000
7/4/2018;11:59:00 PM;0.000
7/5/2018;11:59:00 PM;0.000
7/6/2018;11:59:00 PM;0.000
7/7/2018;11:59:00 PM;0.000
7/8/2018;11:59:00 PM;0.000
7/9/2018;11:59:00 PM;0.000
7/10/2018;11:59:00 PM;0.000
7/11/2018;11:59:00 PM;0.000
7/12/2018;11:59:00 PM;0.000
7/13/2018;11:59:00 PM;0.000
7/14/2018;11:59:00 PM;0.000
7/15/2018;11:59:00 PM;0.000
7/16/2018;11:59:00 PM;0.000
7/17/2018;11:59:00 PM;0.000
7/18/2018;11:59:00 PM;0.000
7/19/2018;11:59:00 PM;0.000
7/20/2018;11:59:00 PM;0.000
7/21/2018;11:59:00 PM;0.000
7/22/2018;11:59:00 PM;0.000
7/23/2018;11:59:00 PM;0.000
7/24/2018;11:59:00 PM;0.000
7/25/2018;11:59:00 PM;0.000
7/26/2018;11:59:00 PM;0.000
7/27/2018;11:59:00 PM;0.000
7/28/2018;11:59:00 PM;0.000
7/29/2018;11:59:00 PM;0.000
7/30/2018;11:59:00 PM;0.000
7/31/2018;11:59:00 PM;0.000
8/1/2018;11:59:00 PM;0.000
8/2/2018;11:59:00 PM;0.000
8/3/2018;11:59:00 PM;0.000
8/4/2018;11:59:00 PM;0.000
8/5/2018;11:59:00 PM;0.000
8/6/2018;11:59:00 PM;0.000
8/7/2018;11:59:00 PM;0.000
8/8/2018;11:59:00 PM;0.000
8/9/2018;11:59:00 PM;0.000
8/10/2018;11:59:00 PM;0.000
8/11/2018;11:59:00 PM;0.000
8/12/2018;11:59:00 PM;0.000
8/13/2018;11:59:00 PM;0.000
8/14/2018;11:59:00 PM;0.000
8/15/2018;11:59:00 PM;0.000
8/16/2018;11:59:00 PM;0.000
8/17/2018;11:59:00 PM;0.000
8/18/2018;11:59:00 PM;0.000
8/19/2018;11:59:00 PM;0.000
8/20/2018;11:59:00 PM;0.000
8/21/2018;11:59:00 PM;0.000
8/22/2018;11:59:00 PM;0.000
8/23/2018;11:59:00 PM;0.000
8/24/2018;11:59:00 PM;0.000
8/25/2018;11:59:00 PM;0.000
8/26/2018;11:59:00 PM;0.000
8/27/2018;11:59:00 PM;0.000
8/28/2018;11:59:00 PM;0.000
8/29/2018;11:59:00 PM;0.000
8/30/2018;11:59:00 PM;0.000
8/31/2018;11:59:00 PM;0.000
9/1/2018;11:59:00 PM;0.000
9/2/2018;11:59:00 PM;0.000
9/3/2018;11:59:00 PM;0.000
9/4/2018;11:59:00 PM;0.000
9/5/2018;11:59:00 PM;0.000
9/6/2018;11:59:00 PM;0.000
9/7/2018;11:59:00 PM;0.000
9/8/2018;11:59:00 PM;0.000
9/9/2018;11:59:00 PM;0.000
9/10/2018;11:59:00 PM;0.000
9/11/2018;11:59:00 PM;0.000
9/12/2018;11:59:00 PM;0.000
9/13/2018;11:59:00 PM;0.000
9/14/2018;11:59:00 PM;0.000
9/15/2018;11:59:00 PM;0.000
9/16/2018;11:59:00 PM;0.000
9/17/2018;11:59:00 PM;0.000
9/18/2018;11:59:00 PM;0.000
9/19/2018;11:59:00 PM;0.000
9/20/2018;11:59:00 PM;0.000
9/21/2018;11:59:00 PM;0.000
9/22/2018;11:59:00 PM;0.000
9/23/2018;11:59:00 PM;0.000
9/24/2018;11:59:00 PM;0.000
9/25/2018;11:59:00 PM;0.000
9/26/2018;11:59:00 PM;0.000
9/27/2018;11:59:00 PM;0.000
9/28/2018;11:59:00 PM;0.000
9/29/2018;11:59:00 PM;0.000
9/30/2018;11:59:00 PM;0.016
10/1/2018;11:59:00 PM;0.394
10/2/2018;11:59:00 PM;0.419
10/3/2018;11:59:00 PM;0.000
10/4/2018;11:59:00 PM;0.213
10/5/2018;11:59:00 PM;0.000
10/6/2018;11:59:00 PM;0.000
10/7/2018;11:59:00 PM;0.000
10/8/2018;11:59:00 PM;0.000
10/9/2018;11:59:00 PM;0.000
10/10/2018;11:59:00 PM;0.000
10/11/2018;11:59:00 PM;0.000
10/12/2018;11:59:00 PM;0.000
10/13/2018;11:59:00 PM;0.000
10/14/2018;11:59:00 PM;0.000
10/15/2018;11:59:00 PM;0.000
10/16/2018;11:59:00 PM;0.000
10/17/2018;11:59:00 PM;0.000
10/18/2018;11:59:00 PM;0.000
10/19/2018;11:59:00 PM;0.000
10/20/2018;11:59:00 PM;0.000
10/21/2018;11:59:00 PM;0.000
10/22/2018;11:59:00 PM;0.000
10/23/2018;11:59:00 PM;0.000
10/24/2018;11:59:00 PM;0.000
10/25/2018;11:59:00 PM;0.000
10/26/2018;11:59:00 PM;0.000
10/27/2018;11:59:00 PM;0.000
10/28/2018;11:59:00 PM;0.000
10/29/2018;11:59:00 PM;0.000
10/30/2018;11:59:00 PM;0.000
10/31/2018;11:59:00 PM;0.000
11/1/2018;11:59:00 PM;0.000
11/2/2018;11:59:00 PM;0.000
11/3/2018;11:59:00 PM;0.000
11/4/2018;11:59:00 PM;0.000
11/5/2018;11:59:00 PM;0.000
11/6/2018;11:59:00 PM;0.000
11/7/2018;11:59:00 PM;0.000
11/8/2018;11:59:00 PM;0.000
11/9/2018;11:59:00 PM;0.000
11/10/2018;11:59:00 PM;0.000
11/11/2018;11:59:00 PM;0.000
11/12/2018;11:59:00 PM;0.000
11/13/2018;11:59:00 PM;0.000
11/14/2018;11:59:00 PM;0.000
11/15/2018;11:59:00 PM;0.000
11/16/2018;11:59:00 PM;0.000
11/17/2018;11:59:00 PM;0.000
11/18/2018;11:59:00 PM;0.000
11/19/2018;11:59:00 PM;0.000
11/20/2018;11:59:00 PM;0.000
11/21/2018;11:59:00 PM;0.165
11/22/2018;11:59:00 PM;0.717
11/23/2018;11:59:00 PM;0.945
11/24/2018;11:59:00 PM;0.008
11/25/2018;11:59:00 PM;0.000
11/26/2018;11:59:00 PM;0.000
11/27/2018;11:59:00 PM;0.315
11/28/2018;11:59:00 PM;0.323
11/29/2018;11:59:00 PM;0.820
11/30/2018;11:59:00 PM;0.000
12/1/2018;11:59:00 PM;0.079
12/2/2018;11:59:00 PM;0.000
12/3/2018;11:59:00 PM;0.000
12/4/2018;11:59:00 PM;0.000
12/5/2018;11:59:00 PM;0.000
12/6/2018;11:59:00 PM;0.000
12/7/2018;11:59:00 PM;0.000
12/8/2018;11:59:00 PM;0.000
12/9/2018;11:59:00 PM;0.000
12/10/2018;11:59:00 PM;0.016
12/11/2018;11:59:00 PM;0.000
12/12/2018;11:59:00 PM;0.000
12/13/2018;11:59:00 PM;0.000
12/14/2018;11:59:00 PM;0.134
12/15/2018;11:59:00 PM;0.079
12/16/2018;11:59:00 PM;1.354
12/17/2018;11:59:00 PM;0.008
12/18/2018;11:59:00 PM;0.079
12/19/2018;11:59:00 PM;0.016
12/20/2018;11:59:00 PM;0.031
12/21/2018;11:59:00 PM;0.031
12/22/2018;11:59:00 PM;0.000
12/23/2018;11:59:00 PM;0.087
12/24/2018;11:59:00 PM;0.575
12/25/2018;11:59:00 PM;0.000
12/26/2018;11:59:00 PM;0.000
12/27/2018;11:59:00 PM;0.000
12/28/2018;11:59:00 PM;0.000
12/29/2018;11:59:00 PM;0.000
12/30/2018;11:59:00 PM;0.000
12/31/2018;11:59:00 PM;0.000
1/1/2019;11:59:00 PM;0.000
1/2/2019;11:59:00 PM;0.000
1/3/2019;11:59:00 PM;0.000
1/4/2019;11:59:00 PM;0.000
1/5/2019;11:59:00 PM;0.583
1/6/2019;11:59:00 PM;1.213
1/7/2019;11:59:00 PM;0.000
1/8/2019;11:59:00 PM;0.630
1/9/2019;11:59:00 PM;0.848
1/10/2019;11:59:00 PM;0.000
1/11/2019;11:59:00 PM;0.268
1/12/2019;11:59:00 PM;0.008
1/13/2019;11:59:00 PM;0.000
1/14/2019;11:59:00 PM;0.008
1/15/2019;11:59:00 PM;0.354
1/16/2019;11:59:00 PM;2.498
1/17/2019;11:59:00 PM;0.370
1/18/2019;11:59:00 PM;0.118
1/19/2019;11:59:00 PM;0.142
1/20/2019;11:59:00 PM;0.843
1/21/2019;11:59:00 PM;0.010
1/22/2019;11:59:00 PM;0.000
1/23/2019;11:59:00 PM;0.000
1/24/2019;11:59:00 PM;0.000
1/25/2019;11:59:00 PM;0.000
1/26/2019;11:59:00 PM;0.000
1/27/2019;11:59:00 PM;0.000
1/28/2019;11:59:00 PM;0.000
1/29/2019;11:59:00 PM;0.000
1/30/2019;11:59:00 PM;0.000
1/31/2019;11:59:00 PM;0.000
2/1/2019;11:59:00 PM;0.102
2/2/2019;11:59:00 PM;0.529
2/3/2019;11:59:00 PM;0.094
2/4/2019;11:59:00 PM;0.000
2/5/2019;11:59:00 PM;0.008
2/6/2019;11:59:00 PM;0.000
2/7/2019;11:59:00 PM;0.000
2/8/2019;11:59:00 PM;0.000
2/9/2019;11:59:00 PM;0.047
2/10/2019;11:59:00 PM;0.000
2/11/2019;11:59:00 PM;0.000
2/12/2019;11:59:00 PM;0.000
2/13/2019;11:59:00 PM;1.315
2/14/2019;11:59:00 PM;0.709
2/15/2019;11:59:00 PM;0.039
2/16/2019;11:59:00 PM;0.039
2/17/2019;11:59:00 PM;0.000
2/18/2019;11:59:00 PM;0.000
2/19/2019;11:59:00 PM;0.000
2/20/2019;11:59:00 PM;0.000
2/21/2019;11:59:00 PM;0.000
2/22/2019;11:59:00 PM;0.000
2/23/2019;11:59:00 PM;0.000
2/24/2019;11:59:00 PM;0.000
2/25/2019;11:59:00 PM;3.354
2/26/2019;11:59:00 PM;1.388
2/27/2019;11:59:00 PM;0.000
2/28/2019;11:59:00 PM;0.000
3/1/2019;11:59:00 PM;0.008
3/2/2019;11:59:00 PM;0.150
3/3/2019;11:59:00 PM;0.370
3/4/2019;11:59:00 PM;0.000
3/5/2019;11:59:00 PM;0.488
3/6/2019;11:59:00 PM;0.594
3/7/2019;11:59:00 PM;0.000
3/8/2019;11:59:00 PM;0.000
3/9/2019;11:59:00 PM;0.276
3/10/2019;11:59:00 PM;0.008
3/11/2019;11:59:00 PM;0.000
3/12/2019;11:59:00 PM;0.000
3/13/2019;11:59:00 PM;0.000
3/14/2019;11:59:00 PM;0.000
3/15/2019;11:59:00 PM;0.000
3/16/2019;11:59:00 PM;0.000
3/17/2019;11:59:00 PM;0.000
3/18/2019;11:59:00 PM;0.000
3/19/2019;11:59:00 PM;0.000
3/20/2019;11:59:00 PM;0.063
3/21/2019;11:59:00 PM;0.000
3/22/2019;11:59:00 PM;0.087
3/23/2019;11:59:00 PM;0.000
3/24/2019;11:59:00 PM;0.000
3/25/2019;11:59:00 PM;0.268
3/26/2019;11:59:00 PM;0.008
3/27/2019;11:59:00 PM;0.362
3/28/2019;11:59:00 PM;0.118
3/29/2019;11:59:00 PM;0.000
3/30/2019;11:59:00 PM;0.000
3/31/2019;11:59:00 PM;0.000
4/1/2019;11:59:00 PM;0.000
4/2/2019;11:59:00 PM;0.000
4/3/2019;11:59:00 PM;0.000
4/4/2019;11:59:00 PM;0.000
4/5/2019;11:59:00 PM;0.291
4/6/2019;11:59:00 PM;0.008
4/7/2019;11:59:00 PM;0.008
4/8/2019;11:59:00 PM;0.173
4/9/2019;11:59:00 PM;0.000
4/10/2019;11:59:00 PM;0.000
4/11/2019;11:59:00 PM;0.000
4/12/2019;11:59:00 PM;0.000
4/13/2019;11:59:00 PM;0.000
4/14/2019;11:59:00 PM;0.000
4/15/2019;11:59:00 PM;0.000
4/16/2019;11:59:00 PM;0.000
4/17/2019;11:59:00 PM;0.000
4/18/2019;11:59:00 PM;0.000
4/19/2019;11:59:00 PM;0.000
4/20/2019;11:59:00 PM;0.000
4/21/2019;11:59:00 PM;0.000
4/22/2019;11:59:00 PM;0.000
4/23/2019;11:59:00 PM;0.000
4/24/2019;11:59:00 PM;0.000
4/25/2019;11:59:00 PM;0.000
4/26/2019;11:59:00 PM;0.000
4/27/2019;11:59:00 PM;0.000
4/28/2019;11:59:00 PM;0.000
4/29/2019;11:59:00 PM;0.000
4/30/2019;11:59:00 PM;0.000
5/1/2019;11:59:00 PM;0.000
5/2/2019;11:59:00 PM;0.000
5/3/2019;11:59:00 PM;0.000
5/4/2019;11:59:00 PM;0.000
5/5/2019;11:59:00 PM;0.000
5/6/2019;11:59:00 PM;0.000
5/7/2019;11:59:00 PM;0.000
5/8/2019;11:59:00 PM;0.000
5/9/2019;11:59:00 PM;0.000
5/10/2019;11:59:00 PM;0.000
5/11/2019;11:59:00 PM;0.000
5/12/2019;11:59:00 PM;0.000
5/13/2019;11:59:00 PM;0.000
5/14/2019;11:59:00 PM;0.000
5/15/2019;11:59:00 PM;1.213
5/16/2019;11:59:00 PM;0.433
5/17/2019;11:59:00 PM;0.055
5/18/2019;11:59:00 PM;0.283
5/19/2019;11:59:00 PM;0.047
5/20/2019;11:59:00 PM;0.000
5/21/2019;11:59:00 PM;0.079
5/22/2019;11:59:00 PM;0.000
5/23/2019;11:59:00 PM;0.000
5/24/2019;11:59:00 PM;0.000
5/25/2019;11:59:00 PM;0.000
5/26/2019;11:59:00 PM;0.008
5/27/2019;11:59:00 PM;0.000
5/28/2019;11:59:00 PM;0.000
5/29/2019;11:59:00 PM;0.000
5/30/2019;11:59:00 PM;0.000
5/31/2019;11:59:00 PM;0.000
6/1/2019;11:59:00 PM;0.000
6/2/2019;11:59:00 PM;0.000
6/3/2019;11:59:00 PM;0.000
6/4/2019;11:59:00 PM;0.000
6/5/2019;11:59:00 PM;0.000
6/6/2019;11:59:00 PM;0.000
6/7/2019;11:59:00 PM;0.000
6/8/2019;11:59:00 PM;0.000
6/9/2019;11:59:00 PM;0.000
6/10/2019;11:59:00 PM;0.000
6/11/2019;11:59:00 PM;0.000
6/12/2019;11:59:00 PM;0.000
6/13/2019;11:59:00 PM;0.000
6/14/2019;11:59:00 PM;0.000
6/15/2019;11:59:00 PM;0.000
6/16/2019;11:59:00 PM;0.000
6/17/2019;11:59:00 PM;0.000
6/18/2019;11:59:00 PM;0.000
6/19/2019;11:59:00 PM;0.000
6/20/2019;11:59:00 PM;0.000
6/21/2019;11:59:00 PM;0.000
6/22/2019;11:59:00 PM;0.000
6/23/2019;11:59:00 PM;0.000
6/24/2019;11:59:00 PM;0.000
6/25/2019;11:59:00 PM;0.000
6/26/2019;11:59:00 PM;0.000
6/27/2019;11:59:00 PM;0.000
6/28/2019;11:59:00 PM;0.000
6/29/2019;11:59:00 PM;0.000
6/30/2019;11:59:00 PM;0.000
7/1/2019;11:59:00 PM;0.000
7/2/2019;11:59:00 PM;0.000
7/3/2019;11:59:00 PM;0.000
7/4/2019;11:59:00 PM;0.000
7/5/2019;11:59:00 PM;0.000
7/6/2019;11:59:00 PM;0.000
7/7/2019;11:59:00 PM;0.000
7/8/2019;11:59:00 PM;0.000
7/9/2019;11:59:00 PM;0.000
7/10/2019;11:59:00 PM;0.000
7/11/2019;11:59:00 PM;0.000
7/12/2019;11:59:00 PM;0.000
7/13/2019;11:59:00 PM;0.000
7/14/2019;11:59:00 PM;0.000
7/15/2019;11:59:00 PM;0.000
7/16/2019;11:59:00 PM;0.000
7/17/2019;11:59:00 PM;0.000
7/18/2019;11:59:00 PM;0.000
7/19/2019;11:59:00 PM;0.000
7/20/2019;11:59:00 PM;0.000
7/21/2019;11:59:00 PM;0.000
7/22/2019;11:59:00 PM;0.000
7/23/2019;11:59:00 PM;0.000
7/24/2019;11:59:00 PM;0.000
7/25/2019;11:59:00 PM;0.000
7/26/2019;11:59:00 PM;0.000
7/27/2019;11:59:00 PM;0.000
7/28/2019;11:59:00 PM;0.000
7/29/2019;11:59:00 PM;0.000
7/30/2019;11:59:00 PM;0.000
7/31/2019;11:59:00 PM;0.000
8/1/2019;11:59:00 PM;0.000
8/2/2019;11:59:00 PM;0.000
8/3/2019;11:59:00 PM;0.000
8/4/2019;11:59:00 PM;0.000
8/5/2019;11:59:00 PM;0.000
8/6/2019;11:59:00 PM;0.000
8/7/2019;11:59:00 PM;0.000
8/8/2019;11:59:00 PM;0.000
8/9/2019;11:59:00 PM;0.000
8/10/2019;11:59:00 PM;0.000
8/11/2019;11:59:00 PM;0.000
8/12/2019;11:59:00 PM;0.000
8/13/2019;11:59:00 PM;0.000
8/14/2019;11:59:00 PM;0.000
8/15/2019;11:59:00 PM;0.000
8/16/2019;11:59:00 PM;0.000
8/17/2019;11:59:00 PM;0.000
8/18/2019;11:59:00 PM;0.000
8/19/2019;11:59:00 PM;0.000
8/20/2019;11:59:00 PM;0.000
8/21/2019;11:59:00 PM;0.000
8/22/2019;11:59:00 PM;0.000
8/23/2019;11:59:00 PM;0.000
8/24/2019;11:59:00 PM;0.000
8/25/2019;11:59:00 PM;0.000
8/26/2019;11:59:00 PM;0.000
8/27/2019;11:59:00 PM;0.000
8/28/2019;11:59:00 PM;0.000
8/29/2019;11:59:00 PM;0.000
8/30/2019;11:59:00 PM;0.000
8/31/2019;11:59:00 PM;0.000
9/1/2019;11:59:00 PM;0.000
9/2/2019;11:59:00 PM;0.000
9/3/2019;11:59:00 PM;0.000
9/4/2019;11:59:00 PM;0.000
9/5/2019;11:59:00 PM;0.000
9/6/2019;11:59:00 PM;0.000
9/7/2019;11:59:00 PM;0.000
9/8/2019;11:59:00 PM;0.000
9/9/2019;11:59:00 PM;0.000
9/10/2019;11:59:00 PM;0.000
9/11/2019;11:59:00 PM;0.000
9/12/2019;11:59:00 PM;0.000
9/13/2019;11:59:00 PM;0.000
9/14/2019;11:59:00 PM;0.000
9/15/2019;11:59:00 PM;0.000
9/16/2019;11:59:00 PM;0.047
9/17/2019;11:59:00 PM;0.000
9/18/2019;11:59:00 PM;0.039
9/19/2019;11:59:00 PM;0.000
9/20/2019;11:59:00 PM;0.000
9/21/2019;11:59:00 PM;0.000
9/22/2019;11:59:00 PM;0.000
9/23/2019;11:59:00 PM;0.000
9/24/2019;11:59:00 PM;0.000
9/25/2019;11:59:00 PM;0.000
9/26/2019;11:59:00 PM;0.000
9/27/2019;11:59:00 PM;0.000
9/28/2019;11:59:00 PM;0.000
9/29/2019;11:59:00 PM;0.008
9/30/2019;11:59:00 PM;0.000
10/1/2019;11:59:00 PM;0.000
10/2/2019;11:59:00 PM;0.000
10/3/2019;11:59:00 PM;0.000
10/4/2019;11:59:00 PM;0.000
10/5/2019;11:59:00 PM;0.000
10/6/2019;11:59:00 PM;0.000
10/7/2019;11:59:00 PM;0.000
10/8/2019;11:59:00 PM;0.000
10/9/2019;11:59:00 PM;0.000
10/10/2019;11:59:00 PM;0.000
10/11/2019;11:59:00 PM;0.000
10/12/2019;11:59:00 PM;0.000
10/13/2019;11:59:00 PM;0.000
10/14/2019;11:59:00 PM;0.000
10/15/2019;11:59:00 PM;0.000
10/16/2019;11:59:00 PM;0.000
10/17/2019;11:59:00 PM;0.000
10/18/2019;11:59:00 PM;0.000
10/19/2019;11:59:00 PM;0.000
10/20/2019;11:59:00 PM;0.000
10/21/2019;11:59:00 PM;0.000
10/22/2019;11:59:00 PM;0.000
10/23/2019;11:59:00 PM;0.000
10/24/2019;11:59:00 PM;0.000
10/25/2019;11:59:00 PM;0.000
10/26/2019;11:59:00 PM;0.000
10/27/2019;11:59:00 PM;0.000
10/28/2019;11:59:00 PM;0.000
10/29/2019;11:59:00 PM;0.000
10/30/2019;11:59:00 PM;0.000
10/31/2019;11:59:00 PM;0.000
11/1/2019;11:59:00 PM;0.000
11/2/2019;11:59:00 PM;0.000
11/3/2019;11:59:00 PM;0.000
11/4/2019;11:59:00 PM;0.000
11/5/2019;11:59:00 PM;0.000
11/6/2019;11:59:00 PM;0.000
11/7/2019;11:59:00 PM;0.000
11/8/2019;11:59:00 PM;0.000
11/9/2019;11:59:00 PM;0.000
11/10/2019;11:59:00 PM;0.000
11/11/2019;11:59:00 PM;0.000
11/12/2019;11:59:00 PM;0.000
11/13/2019;11:59:00 PM;0.000
11/14/2019;11:59:00 PM;0.000
11/15/2019;11:59:00 PM;0.000
11/16/2019;11:59:00 PM;0.000
11/17/2019;11:59:00 PM;0.000
11/18/2019;11:59:00 PM;0.000
11/19/2019;11:59:00 PM;0.000
11/20/2019;11:59:00 PM;0.000
11/21/2019;11:59:00 PM;0.000
11/22/2019;11:59:00 PM;0.000
11/23/2019;11:59:00 PM;0.000
11/24/2019;11:59:00 PM;0.000
11/25/2019;11:59:00 PM;0.000
11/26/2019;11:59:00 PM;0.000
11/27/2019;11:59:00 PM;0.000
11/28/2019;11:59:00 PM;0.000
11/29/2019;11:59:00 PM;0.000
11/30/2019;11:59:00 PM;0.000
12/1/2019;11:59:00 PM;0.213
12/2/2019;11:59:00 PM;0.079
12/3/2019;11:59:00 PM;0.000
12/4/2019;11:59:00 PM;0.016
12/5/2019;11:59:00 PM;0.000
12/6/2019;11:59:00 PM;1.039
12/7/2019;11:59:00 PM;1.228
12/8/2019;11:59:00 PM;0.110
12/9/2019;11:59:00 PM;0.000
12/10/2019;11:59:00 PM;0.173
12/11/2019;11:59:00 PM;0.189
12/12/2019;11:59:00 PM;0.024
12/13/2019;11:59:00 PM;0.173
12/14/2019;11:59:00 PM;0.016
12/15/2019;11:59:00 PM;0.008
12/16/2019;11:59:00 PM;0.000
12/17/2019;11:59:00 PM;0.000
12/18/2019;11:59:00 PM;0.094
12/19/2019;11:59:00 PM;0.024
12/20/2019;11:59:00 PM;0.008
12/21/2019;11:59:00 PM;0.000
12/22/2019;11:59:00 PM;0.276
12/23/2019;11:59:00 PM;0.000
12/24/2019;11:59:00 PM;0.000
12/25/2019;11:59:00 PM;0.008
12/26/2019;11:59:00 PM;0.000
12/27/2019;11:59:00 PM;0.000
12/28/2019;11:59:00 PM;0.000
12/29/2019;11:59:00 PM;0.409
12/30/2019;11:59:00 PM;0.000
12/31/2019;11:59:00 PM;0.000
1/1/2020;11:59:00 PM;0.000
1/2/2020;11:59:00 PM;0.000
1/3/2020;11:59:00 PM;0.000
1/4/2020;11:59:00 PM;0.087
1/5/2020;11:59:00 PM;0.000
1/6/2020;11:59:00 PM;0.000
1/7/2020;11:59:00 PM;0.024
1/8/2020;11:59:00 PM;0.008
1/9/2020;11:59:00 PM;0.228
1/10/2020;11:59:00 PM;0.000
1/11/2020;11:59:00 PM;0.016
1/12/2020;11:59:00 PM;0.016
1/13/2020;11:59:00 PM;0.063
1/14/2020;11:59:00 PM;0.039
1/15/2020;11:59:00 PM;0.055
1/16/2020;11:59:00 PM;0.473
1/17/2020;11:59:00 PM;0.000
1/18/2020;11:59:00 PM;0.000
1/19/2020;11:59:00 PM;0.000
1/20/2020;11:59:00 PM;0.000
1/21/2020;11:59:00 PM;0.252
1/22/2020;11:59:00 PM;0.000
1/23/2020;11:59:00 PM;0.000
1/24/2020;11:59:00 PM;0.008
1/25/2020;11:59:00 PM;0.339
1/26/2020;11:59:00 PM;0.173
1/27/2020;11:59:00 PM;0.047
1/28/2020;11:59:00 PM;0.016
1/29/2020;11:59:00 PM;0.000
1/30/2020;11:59:00 PM;0.000
1/31/2020;11:59:00 PM;0.000
2/1/2020;11:59:00 PM;0.000
2/2/2020;11:59:00 PM;0.000
2/3/2020;11:59:00 PM;0.000
2/4/2020;11:59:00 PM;0.000
2/5/2020;11:59:00 PM;0.000
2/6/2020;11:59:00 PM;0.000
2/7/2020;11:59:00 PM;0.000
2/8/2020;11:59:00 PM;0.000
2/9/2020;11:59:00 PM;0.000
2/10/2020;11:59:00 PM;0.000
2/11/2020;11:59:00 PM;0.000
2/12/2020;11:59:00 PM;0.000
2/13/2020;11:59:00 PM;0.000
2/14/2020;11:59:00 PM;0.000
2/15/2020;11:59:00 PM;0.000
2/16/2020;11:59:00 PM;0.000
2/17/2020;11:59:00 PM;0.000
2/18/2020;11:59:00 PM;0.000
2/19/2020;11:59:00 PM;0.000
2/20/2020;11:59:00 PM;0.000
2/21/2020;11:59:00 PM;0.000
2/22/2020;11:59:00 PM;0.000
2/23/2020;11:59:00 PM;0.000
2/24/2020;11:59:00 PM;0.000
2/25/2020;11:59:00 PM;0.000
2/26/2020;11:59:00 PM;0.000
2/27/2020;11:59:00 PM;0.000
2/28/2020;11:59:00 PM;0.000
2/29/2020;11:59:00 PM;0.000
3/1/2020;11:59:00 PM;0.000
3/2/2020;11:59:00 PM;0.000
3/3/2020;11:59:00 PM;0.000
3/4/2020;11:59:00 PM;0.000
3/5/2020;11:59:00 PM;0.000
3/6/2020;11:59:00 PM;0.000
3/7/2020;11:59:00 PM;0.000
3/8/2020;11:59:00 PM;0.000
3/9/2020;11:59:00 PM;0.000
3/10/2020;11:59:00 PM;0.000
3/11/2020;11:59:00 PM;0.000
3/12/2020;11:59:00 PM;0.000
3/13/2020;11:59:00 PM;0.000
3/14/2020;11:59:00 PM;0.008
3/15/2020;11:59:00 PM;0.000
3/16/2020;11:59:00 PM;0.000
3/17/2020;11:59:00 PM;0.000
3/18/2020;11:59:00 PM;0.008
3/19/2020;11:59:00 PM;0.000
3/20/2020;11:59:00 PM;0.000
3/21/2020;11:59:00 PM;0.000
3/22/2020;11:59:00 PM;0.000
3/23/2020;11:59:00 PM;0.000
3/24/2020;11:59:00 PM;0.031
3/25/2020;11:59:00 PM;0.000
3/26/2020;11:59:00 PM;0.000
3/27/2020;11:59:00 PM;0.000
3/28/2020;11:59:00 PM;0.008
3/29/2020;11:59:00 PM;0.008
3/30/2020;11:59:00 PM;0.000
3/31/2020;11:59:00 PM;0.000
4/1/2020;11:59:00 PM;0.000
4/2/2020;11:59:00 PM;0.000
4/3/2020;11:59:00 PM;0.000
4/4/2020;11:59:00 PM;0.024
4/5/2020;11:59:00 PM;0.173
4/6/2020;11:59:00 PM;0.000
4/7/2020;11:59:00 PM;0.000
4/8/2020;11:59:00 PM;0.000
4/9/2020;11:59:00 PM;0.000
4/10/2020;11:59:00 PM;0.000
4/11/2020;11:59:00 PM;0.000
4/12/2020;11:59:00 PM;0.000
4/13/2020;11:59:00 PM;0.000
4/14/2020;11:59:00 PM;0.000
4/15/2020;11:59:00 PM;0.000
4/16/2020;11:59:00 PM;0.000
4/17/2020;11:59:00 PM;0.000
4/18/2020;11:59:00 PM;0.000
4/19/2020;11:59:00 PM;0.000
4/20/2020;11:59:00 PM;0.000
4/21/2020;11:59:00 PM;0.000
4/22/2020;11:59:00 PM;0.000
4/23/2020;11:59:00 PM;0.000
4/24/2020;11:59:00 PM;0.000
4/25/2020;11:59:00 PM;0.000
4/26/2020;11:59:00 PM;0.000
4/27/2020;11:59:00 PM;0.000
4/28/2020;11:59:00 PM;0.000
4/29/2020;11:59:00 PM;0.000
4/30/2020;11:59:00 PM;0.000
5/1/2020;11:59:00 PM;0.000
5/2/2020;11:59:00 PM;0.008
5/3/2020;11:59:00 PM;0.000
5/4/2020;11:59:00 PM;0.000
5/5/2020;11:59:00 PM;0.000
5/6/2020;11:59:00 PM;0.000
5/7/2020;11:59:00 PM;0.000
5/8/2020;11:59:00 PM;0.000
5/9/2020;11:59:00 PM;0.000
5/10/2020;11:59:00 PM;0.000
5/11/2020;11:59:00 PM;0.063
5/12/2020;11:59:00 PM;0.236
5/13/2020;11:59:00 PM;0.000
5/14/2020;11:59:00 PM;0.055
5/15/2020;11:59:00 PM;0.008
5/16/2020;11:59:00 PM;0.134
5/17/2020;11:59:00 PM;0.386
5/18/2020;11:59:00 PM;0.213
5/19/2020;11:59:00 PM;0.000
5/20/2020;11:59:00 PM;0.000
5/21/2020;11:59:00 PM;0.000
5/22/2020;11:59:00 PM;0.000
5/23/2020;11:59:00 PM;0.000
5/24/2020;11:59:00 PM;0.000
5/25/2020;11:59:00 PM;0.000
5/26/2020;11:59:00 PM;0.000
5/27/2020;11:59:00 PM;0.000
5/28/2020;11:59:00 PM;0.000
5/29/2020;11:59:00 PM;0.000
5/30/2020;11:59:00 PM;0.016
5/31/2020;11:59:00 PM;0.000
6/1/2020;11:59:00 PM;0.000
6/2/2020;11:59:00 PM;0.000
6/3/2020;11:59:00 PM;0.000
6/4/2020;11:59:00 PM;0.000
6/5/2020;11:59:00 PM;0.000
6/6/2020;11:59:00 PM;0.000
6/7/2020;11:59:00 PM;0.000
6/8/2020;11:59:00 PM;0.000
6/9/2020;11:59:00 PM;0.000
6/10/2020;11:59:00 PM;0.000
6/11/2020;11:59:00 PM;0.000
6/12/2020;11:59:00 PM;0.000
6/13/2020;11:59:00 PM;0.000
6/14/2020;11:59:00 PM;0.000
6/15/2020;11:59:00 PM;0.000
6/16/2020;11:59:00 PM;0.000
6/17/2020;11:59:00 PM;0.000
6/18/2020;11:59:00 PM;0.000
6/19/2020;11:59:00 PM;0.000
6/20/2020;11:59:00 PM;0.000
6/21/2020;11:59:00 PM;0.000
6/22/2020;11:59:00 PM;0.000
6/23/2020;11:59:00 PM;0.000
6/24/2020;11:59:00 PM;0.000
6/25/2020;11:59:00 PM;0.000
6/26/2020;11:59:00 PM;0.000
6/27/2020;11:59:00 PM;0.000
6/28/2020;11:59:00 PM;0.000
6/29/2020;11:59:00 PM;0.000
6/30/2020;11:59:00 PM;0.000
7/1/2020;11:59:00 PM;0.000
7/2/2020;11:59:00 PM;0.000
7/3/2020;11:59:00 PM;0.000
7/4/2020;11:59:00 PM;0.000
7/5/2020;11:59:00 PM;0.000
7/6/2020;11:59:00 PM;0.000
7/7/2020;11:59:00 PM;0.000
7/8/2020;11:59:00 PM;0.000
7/9/2020;11:59:00 PM;0.000
7/10/2020;11:59:00 PM;0.000
7/11/2020;11:59:00 PM;0.000
7/12/2020;11:59:00 PM;0.000
7/13/2020;11:59:00 PM;0.000
7/14/2020;11:59:00 PM;0.000
7/15/2020;11:59:00 PM;0.000
7/16/2020;11:59:00 PM;0.000
7/17/2020;11:59:00 PM;0.000
7/18/2020;11:59:00 PM;0.000
7/19/2020;11:59:00 PM;0.000
7/20/2020;11:59:00 PM;0.000
7/21/2020;11:59:00 PM;0.000
7/22/2020;11:59:00 PM;0.000
7/23/2020;11:59:00 PM;0.000
7/24/2020;11:59:00 PM;0.000
7/25/2020;11:59:00 PM;0.000
7/26/2020;11:59:00 PM;0.000
7/27/2020;11:59:00 PM;0.000
7/28/2020;11:59:00 PM;0.000
7/29/2020;11:59:00 PM;0.000
7/30/2020;11:59:00 PM;0.000
7/31/2020;11:59:00 PM;0.000
8/1/2020;11:59:00 PM;0.000
8/2/2020;11:59:00 PM;0.000
8/3/2020;11:59:00 PM;0.000
8/4/2020;11:59:00 PM;0.000
8/5/2020;11:59:00 PM;0.000
8/6/2020;11:59:00 PM;0.000
8/7/2020;11:59:00 PM;0.000
8/8/2020;11:59:00 PM;0.000
8/9/2020;11:59:00 PM;0.000
8/10/2020;11:59:00 PM;0.000
8/11/2020;11:59:00 PM;0.000
8/12/2020;11:59:00 PM;0.000
8/13/2020;11:59:00 PM;0.000
8/14/2020;11:59:00 PM;0.000
8/15/2020;11:59:00 PM;0.000
8/16/2020;11:59:00 PM;0.000
8/17/2020;11:59:00 PM;0.520
8/18/2020;11:59:00 PM;0.000
8/19/2020;11:59:00 PM;0.000
8/20/2020;11:59:00 PM;0.000
8/21/2020;11:59:00 PM;0.000
8/22/2020;11:59:00 PM;0.000
8/23/2020;11:59:00 PM;0.000
8/24/2020;11:59:00 PM;0.008
8/25/2020;11:59:00 PM;0.000
8/26/2020;11:59:00 PM;0.000
8/27/2020;11:59:00 PM;0.000
8/28/2020;11:59:00 PM;0.000
8/29/2020;11:59:00 PM;0.000
8/30/2020;11:59:00 PM;0.000
8/31/2020;11:59:00 PM;0.000
9/1/2020;11:59:00 PM;0.000
9/2/2020;11:59:00 PM;0.000
9/3/2020;11:59:00 PM;0.000
9/4/2020;11:59:00 PM;0.000
9/5/2020;11:59:00 PM;0.000
9/6/2020;11:59:00 PM;0.000
9/7/2020;11:59:00 PM;0.000
9/8/2020;11:59:00 PM;0.000
9/9/2020;11:59:00 PM;0.000
9/10/2020;11:59:00 PM;0.000
9/11/2020;11:59:00 PM;0.000
9/12/2020;11:59:00 PM;0.000
9/13/2020;11:59:00 PM;0.000
9/14/2020;11:59:00 PM;0.000
9/15/2020;11:59:00 PM;0.000
9/16/2020;11:59:00 PM;0.000
9/17/2020;11:59:00 PM;0.000
9/18/2020;11:59:00 PM;0.000
9/19/2020;11:59:00 PM;0.000
9/20/2020;11:59:00 PM;0.000
9/21/2020;11:59:00 PM;0.000
9/22/2020;11:59:00 PM;0.000
9/23/2020;11:59:00 PM;0.000
9/24/2020;11:59:00 PM;0.000
9/25/2020;11:59:00 PM;0.000
9/26/2020;11:59:00 PM;0.000
9/27/2020;11:59:00 PM;0.000
9/28/2020;11:59:00 PM;0.000
9/29/2020;11:59:00 PM;0.000
9/30/2020;11:59:00 PM;0.000
10/1/2020;11:59:00 PM;0.000
10/2/2020;11:59:00 PM;0.000
10/3/2020;11:59:00 PM;0.000
10/4/2020;11:59:00 PM;0.000
10/5/2020;11:59:00 PM;0.000
10/6/2020;11:59:00 PM;0.000
10/7/2020;11:59:00 PM;0.000
10/8/2020;11:59:00 PM;0.000
10/9/2020;11:59:00 PM;0.000
10/10/2020;11:59:00 PM;0.000
10/11/2020;11:59:00 PM;0.000
10/12/2020;11:59:00 PM;0.000
10/13/2020;11:59:00 PM;0.000
10/14/2020;11:59:00 PM;0.000
10/15/2020;11:59:00 PM;0.000
10/16/2020;11:59:00 PM;0.000
10/17/2020;11:59:00 PM;0.000
10/18/2020;11:59:00 PM;0.000
10/19/2020;11:59:00 PM;0.000
10/20/2020;11:59:00 PM;0.000
10/21/2020;11:59:00 PM;0.000
10/22/2020;11:59:00 PM;0.000
10/23/2020;11:59:00 PM;0.000
10/24/2020;11:59:00 PM;0.000
10/25/2020;11:59:00 PM;0.000
10/26/2020;11:59:00 PM;0.000
10/27/2020;11:59:00 PM;0.000
10/28/2020;11:59:00 PM;0.000
10/29/2020;11:59:00 PM;0.000
10/30/2020;11:59:00 PM;0.000
10/31/2020;11:59:00 PM;0.000
11/1/2020;11:59:00 PM;0.000
11/2/2020;11:59:00 PM;0.000
11/3/2020;11:59:00 PM;0.000
11/4/2020;11:59:00 PM;0.000
11/5/2020;11:59:00 PM;0.000
11/6/2020;11:59:00 PM;0.008
11/7/2020;11:59:00 PM;0.000
11/8/2020;11:59:00 PM;0.000
11/9/2020;11:59:00 PM;0.000
11/10/2020;11:59:00 PM;0.000
11/11/2020;11:59:00 PM;0.000
11/12/2020;11:59:00 PM;0.000
11/13/2020;11:59:00 PM;0.142
11/14/2020;11:59:00 PM;0.000
11/15/2020;11:59:00 PM;0.000
11/16/2020;11:59:00 PM;0.000
11/17/2020;11:59:00 PM;0.504
11/18/2020;11:59:00 PM;0.134
11/19/2020;11:59:00 PM;0.008
11/20/2020;11:59:00 PM;0.000
11/21/2020;11:59:00 PM;0.000
11/22/2020;11:59:00 PM;0.000
11/23/2020;11:59:00 PM;0.000
11/24/2020;11:59:00 PM;0.000
11/25/2020;11:59:00 PM;0.000
11/26/2020;11:59:00 PM;0.000
11/27/2020;11:59:00 PM;0.000
11/28/2020;11:59:00 PM;0.000
11/29/2020;11:59:00 PM;0.000
11/30/2020;11:59:00 PM;0.000
12/1/2020;11:59:00 PM;0.000
12/2/2020;11:59:00 PM;0.000
12/3/2020;11:59:00 PM;0.000
12/4/2020;11:59:00 PM;0.000
12/5/2020;11:59:00 PM;0.000
12/6/2020;11:59:00 PM;0.000
12/7/2020;11:59:00 PM;0.000
12/8/2020;11:59:00 PM;0.000
12/9/2020;11:59:00 PM;0.000
12/10/2020;11:59:00 PM;0.000
12/11/2020;11:59:00 PM;0.000
12/12/2020;11:59:00 PM;0.000
12/13/2020;11:59:00 PM;0.157
12/14/2020;11:59:00 PM;0.000
12/15/2020;11:59:00 PM;0.000
12/16/2020;11:59:00 PM;0.425
12/17/2020;11:59:00 PM;0.110
12/18/2020;11:59:00 PM;0.000
12/19/2020;11:59:00 PM;0.000
12/20/2020;11:59:00 PM;0.000
12/21/2020;11:59:00 PM;0.000
12/22/2020;11:59:00 PM;0.000
12/23/2020;11:59:00 PM;0.000
12/24/2020;11:59:00 PM;0.000
12/25/2020;11:59:00 PM;0.677
12/26/2020;11:59:00 PM;0.110
12/27/2020;11:59:00 PM;0.000
12/28/2020;11:59:00 PM;0.000
12/29/2020;11:59:00 PM;0.000
12/30/2020;11:59:00 PM;0.102
12/31/2020;11:59:00 PM;0.000
1/1/2021;11:59:00 PM;0.063
1/2/2021;11:59:00 PM;0.016
1/3/2021;11:59:00 PM;0.000
1/4/2021;11:59:00 PM;0.654
1/5/2021;11:59:00 PM;0.000
1/6/2021;11:59:00 PM;0.079
1/7/2021;11:59:00 PM;0.079
1/8/2021;11:59:00 PM;0.174
1/9/2021;11:59:00 PM;0.000
1/10/2021;11:59:00 PM;0.008
1/11/2021;11:59:00 PM;0.000
1/12/2021;11:59:00 PM;0.000
1/13/2021;11:59:00 PM;0.008
1/14/2021;11:59:00 PM;0.000
1/15/2021;11:59:00 PM;0.000
1/16/2021;11:59:00 PM;0.000
1/17/2021;11:59:00 PM;0.000
1/18/2021;11:59:00 PM;0.000
1/19/2021;11:59:00 PM;0.000
1/20/2021;11:59:00 PM;0.000
1/21/2021;11:59:00 PM;0.000
1/22/2021;11:59:00 PM;0.008
1/23/2021;11:59:00 PM;0.000
1/24/2021;11:59:00 PM;0.000
1/25/2021;11:59:00 PM;0.000
1/26/2021;11:59:00 PM;0.000
1/27/2021;11:59:00 PM;0.008
1/28/2021;11:59:00 PM;0.205
1/29/2021;11:59:00 PM;0.000
1/30/2021;11:59:00 PM;0.000
1/31/2021;11:59:00 PM;0.016
2/1/2021;11:59:00 PM;0.709
2/2/2021;11:59:00 PM;0.055
2/3/2021;11:59:00 PM;0.071
2/4/2021;11:59:00 PM;0.000
2/5/2021;11:59:00 PM;0.000
2/6/2021;11:59:00 PM;0.000
2/7/2021;11:59:00 PM;0.000
2/8/2021;11:59:00 PM;0.000
2/9/2021;11:59:00 PM;0.000
2/10/2021;11:59:00 PM;0.000
2/11/2021;11:59:00 PM;0.024
2/12/2021;11:59:00 PM;0.000
2/13/2021;11:59:00 PM;0.047
2/14/2021;11:59:00 PM;0.071
2/15/2021;11:59:00 PM;0.055
2/16/2021;11:59:00 PM;0.000
2/17/2021;11:59:00 PM;0.000
2/18/2021;11:59:00 PM;0.000
2/19/2021;11:59:00 PM;0.000
2/20/2021;11:59:00 PM;0.008
2/21/2021;11:59:00 PM;0.000
2/22/2021;11:59:00 PM;0.000
2/23/2021;11:59:00 PM;0.000
2/24/2021;11:59:00 PM;0.000
2/25/2021;11:59:00 PM;0.000
2/26/2021;11:59:00 PM;0.000
2/27/2021;11:59:00 PM;0.000
2/28/2021;11:59:00 PM;0.000
3/1/2021;11:59:00 PM;0.000
3/2/2021;11:59:00 PM;0.000
3/3/2021;11:59:00 PM;0.000
3/4/2021;11:59:00 PM;0.000
3/5/2021;11:59:00 PM;0.039
3/6/2021;11:59:00 PM;0.000
3/7/2021;11:59:00 PM;0.000
3/8/2021;11:59:00 PM;0.000
3/9/2021;11:59:00 PM;0.024
3/10/2021;11:59:00 PM;0.000
3/11/2021;11:59:00 PM;0.000
3/12/2021;11:59:00 PM;0.000
3/13/2021;11:59:00 PM;0.000
3/14/2021;11:59:00 PM;0.000
3/15/2021;11:59:00 PM;0.000
3/16/2021;11:59:00 PM;0.000
3/17/2021;11:59:00 PM;0.000
3/18/2021;11:59:00 PM;0.087
3/19/2021;11:59:00 PM;0.008
3/20/2021;11:59:00 PM;0.000
3/21/2021;11:59:00 PM;0.000
3/22/2021;11:59:00 PM;0.000
3/23/2021;11:59:00 PM;0.000
3/24/2021;11:59:00 PM;0.000
3/25/2021;11:59:00 PM;0.000
3/26/2021;11:59:00 PM;0.000
3/27/2021;11:59:00 PM;0.000
3/28/2021;11:59:00 PM;0.000
3/29/2021;11:59:00 PM;0.000
3/30/2021;11:59:00 PM;0.000
3/31/2021;11:59:00 PM;0.000
4/1/2021;11:59:00 PM;0.000
4/2/2021;11:59:00 PM;0.000
4/3/2021;11:59:00 PM;0.000
4/4/2021;11:59:00 PM;0.000
4/5/2021;11:59:00 PM;0.000
4/6/2021;11:59:00 PM;0.000
4/7/2021;11:59:00 PM;0.000
4/8/2021;11:59:00 PM;0.000
4/9/2021;11:59:00 PM;0.000
4/10/2021;11:59:00 PM;0.000
4/11/2021;11:59:00 PM;0.000
4/12/2021;11:59:00 PM;0.000
4/13/2021;11:59:00 PM;0.000
4/14/2021;11:59:00 PM;0.000
4/15/2021;11:59:00 PM;0.000
4/16/2021;11:59:00 PM;0.000
4/17/2021;11:59:00 PM;0.000
4/18/2021;11:59:00 PM;0.000
4/19/2021;11:59:00 PM;0.000
4/20/2021;11:59:00 PM;0.000
4/21/2021;11:59:00 PM;0.000
4/22/2021;11:59:00 PM;0.000
4/23/2021;11:59:00 PM;0.000
4/24/2021;11:59:00 PM;0.000
4/25/2021;11:59:00 PM;0.024
4/26/2021;11:59:00 PM;0.000
4/27/2021;11:59:00 PM;0.000
4/28/2021;11:59:00 PM;0.000
4/29/2021;11:59:00 PM;0.000
4/30/2021;11:59:00 PM;0.000
5/1/2021;11:59:00 PM;0.000
5/2/2021;11:59:00 PM;0.000
5/3/2021;11:59:00 PM;0.000
5/4/2021;11:59:00 PM;0.000
5/5/2021;11:59:00 PM;0.000
5/6/2021;11:59:00 PM;0.000
5/7/2021;11:59:00 PM;0.000
5/8/2021;11:59:00 PM;0.000
5/9/2021;11:59:00 PM;0.000
5/10/2021;11:59:00 PM;0.000
5/11/2021;11:59:00 PM;0.000
5/12/2021;11:59:00 PM;0.000
5/13/2021;11:59:00 PM;0.000
5/14/2021;11:59:00 PM;0.000
5/15/2021;11:59:00 PM;0.031
5/16/2021;11:59:00 PM;0.000
5/17/2021;11:59:00 PM;0.000
5/18/2021;11:59:00 PM;0.000
5/19/2021;11:59:00 PM;0.000
5/20/2021;11:59:00 PM;0.000
5/21/2021;11:59:00 PM;0.000
5/22/2021;11:59:00 PM;0.000
5/23/2021;11:59:00 PM;0.000
5/24/2021;11:59:00 PM;0.000
5/25/2021;11:59:00 PM;0.000
5/26/2021;11:59:00 PM;0.000
5/27/2021;11:59:00 PM;0.000
5/28/2021;11:59:00 PM;0.000
5/29/2021;11:59:00 PM;0.000
5/30/2021;11:59:00 PM;0.000
5/31/2021;11:59:00 PM;0.000
6/1/2021;11:59:00 PM;0.000
6/2/2021;11:59:00 PM;0.000
6/3/2021;11:59:00 PM;0.000
6/4/2021;11:59:00 PM;0.000
6/5/2021;11:59:00 PM;0.000
6/6/2021;11:59:00 PM;0.000
6/7/2021;11:59:00 PM;0.000
6/8/2021;11:59:00 PM;0.000
6/9/2021;11:59:00 PM;0.000
6/10/2021;11:59:00 PM;0.000
